簡碼,產品編號,英文品名,中文品名,包裝數量,售價,進價,訂購數量,小計,系列,種族,訂購者,,,,,,,,,,,,,,
G22,60010599002,Necromunda: Dark Uprising,黑暗起義,1," NT$	8,400 "," NT$	5,460 ",, NT$	- 0,涅克羅蒙達,,,,,,,,,,,,,,,,
G24,,Cawdor Gang,,1," NT$	1,250 ", NT$	813 ,, NT$	- 0,涅克羅蒙達,,,,,,,,,,,,,,,,
G23,,Palanite Enforcer Patrol,,1," NT$	1,250 ", NT$	813 ,, NT$	- 0,涅克羅蒙達,,,,,,,,,,,,,,,,
,,Knight Desecrator,,1," NT$	4,320 "," NT$	2,808 ",,,"戰鎚40,000",,,,,,,,,,,,,,,,
64-29,99129999012,CITADEL SKULLS,顱骨裝飾包,1, NT$	840 , NT$	546 ,, NT$	- 0,通用,通用,,,,,,,,,,,,,,,
65-36,99229999142,CITADEL 12mm DICE SET (6-PACK),12MM 骰子組,6, NT$	270 , NT$	176 ,, NT$	- 0,通用,通用,,,,,,,,,,,,,,,
W1,99120201084,WARCRY: CORVUS CABAL,,1," NT$	1,440 ", NT$	936 ,, NT$	- 0,戰嚎,,,,,,,,,,,,,,,,
W2,99120201085,WARCRY: CYPHER LORDS,,1," NT$	1,440 ", NT$	936 ,, NT$	- 0,戰嚎,,,,,,,,,,,,,,,,
W9,99120201086,WARCRY: THE UNMADE,,1," NT$	1,440 ", NT$	936 ,, NT$	- 0,戰嚎,,,,,,,,,,,,,,,,
W8,99120201087,WARCRY: THE SPLINTERED FANG,,1," NT$	1,440 ", NT$	936 ,, NT$	- 0,戰嚎,,,,,,,,,,,,,,,,
W6,99120201098,WARCRY: SPIRE TYRANTS,,1," NT$	1,440 ", NT$	936 ,, NT$	- 0,戰嚎,,,,,,,,,,,,,,,,
W5,99120207073,WARCRY: NIGHTHAUNT WARBAND,,1," NT$	1,440 ", NT$	936 ,, NT$	- 0,戰嚎,,,,,,,,,,,,,,,,
W3,99120209063,WARCRY: GLOOMSPITE GITZ,,1," NT$	1,440 ", NT$	936 ,, NT$	- 0,戰嚎,,,,,,,,,,,,,,,,
W4,99120211001,WARCRY: IRON GOLEM,,1," NT$	1,440 ", NT$	936 ,, NT$	- 0,戰嚎,,,,,,,,,,,,,,,,
W10,99120216013,WARCRY: UNTAMED BEASTS,,1," NT$	1,440 ", NT$	936 ,, NT$	- 0,戰嚎,,,,,,,,,,,,,,,,
W7,99120218046,WARCRY: STORMCAST ETERNALS,,1," NT$	1,440 ", NT$	936 ,, NT$	- 0,戰嚎,,,,,,,,,,,,,,,,
,,WARCRY: STARTER SET (ENGLISH),,1," NT$	4,800 "," NT$	3,120 ",,,,,,,,,,,,,,,,,,,
43-35,99120102063,THOUSAND SONS RUBRIC MARINES,千瘡之子紅字戰士,1," NT$	1,560 "," NT$	1,014 ",, NT$	- 0,"戰鎚40,000",千瘡之子,,,,,,,,,,,,,,,
SC41,99120102095,START COLLECTING! THOUSAND SONS,千瘡之子起手包,1," NT$	2,880 "," NT$	1,872 ",, NT$	- 0,"戰鎚40,000",千瘡之子,,,,,,,,,,,,,,,
SC29,99120101244,START COLLECTING! PRIMARIS SPACE WOLVES,原體太空野狼起手包,1," NT$	2,880 "," NT$	1,872 ",, NT$	- 0,"戰鎚40,000",太空野狼,,,,,,,,,,,,,,,
SC7,99120104057,START COLLECTING! CRAFTWORLDS,方舟世界起手包,1," NT$	2,640 "," NT$	1,716 ",, NT$	- 0,"戰鎚40,000",方舟世界,,,,,,,,,,,,,,,
43-13,99120102087,CHAOS SPACE MARINE RAPTORS,卡傲斯星際戰士猛禽,1," NT$	1,080 ", NT$	702 ,, NT$	- 0,"戰鎚40,000",卡傲斯星際戰士,,,,,,,,,,,,,,,
43-06,99120102098,CHAOS SPACE MARINES,卡傲斯星際戰士小隊,1," NT$	1,680 "," NT$	1,092 ",, NT$	- 0,"戰鎚40,000",卡傲斯星際戰士,,,,,,,,,,,,,,,
43-37,99120102099,CHAOS SPACE MARINES DARK APOSTLE,卡傲斯星際戰士暗黑使徒,1," NT$	1,080 ", NT$	702 ,, NT$	- 0,"戰鎚40,000",卡傲斯星際戰士,,,,,,,,,,,,,,,
SC6,99120102108,START COLLECTING! CHAOS SPACE MARINES,卡傲斯星際戰士起手包,1," NT$	2,880 "," NT$	1,872 ",, NT$	- 0,"戰鎚40,000",卡傲斯星際戰士,,,,,,,,,,,,,,,
SC13,99120109013,START COLLECTING! DEATHWATCH,死亡守望起手包,1," NT$	2,880 "," NT$	1,872 ",, NT$	- 0,"戰鎚40,000",死亡守望,,,,,,,,,,,,,,,
43-52,99120102075,DEATH GUARD PLAGUEBURST CRAWLER,死亡守衛毒爆坦克,1," NT$	1,920 "," NT$	1,248 ",, NT$	- 0,"戰鎚40,000",死亡守衛,,,,,,,,,,,,,,,
43-56,99120102080,ETB DEATH GUARD MYPHITIC BLIGHT-HAULER,死亡守衛惡臭附載機(易組版),1, NT$	720 , NT$	468 ,, NT$	- 0,"戰鎚40,000",死亡守衛,,,,,,,,,,,,,,,
45-07,99120112026,DRUKHARI KABALITE WARRIORS,杜克哈里戰士,1, NT$	960 , NT$	624 ,, NT$	- 0,"戰鎚40,000",杜克哈里,,,,,,,,,,,,,,,
SC14,99120112036,START COLLECTING! DRUKHARI,杜克哈里起手包,1," NT$	2,640 "," NT$	1,716 ",, NT$	- 0,"戰鎚40,000",杜克哈里,,,,,,,,,,,,,,,
SC2,99120105068,START COLLECTING! ASTRA MILITARUM,帝國國防軍起手包,1," NT$	2,640 "," NT$	1,716 ",, NT$	- 0,"戰鎚40,000",帝國國防軍,,,,,,,,,,,,,,,
SC26,99120105069,START COLLECTING! MILITARUM TEMPESTUS,暴風突擊兵起手包,1," NT$	2,880 "," NT$	1,872 ",, NT$	- 0,"戰鎚40,000",帝國國防軍,,,,,,,,,,,,,,,
47-09,99120105078,ASTRA MILITARUM CADIAN COMMAND SQUAD,星界軍卡迪安指揮班,1, NT$	960 , NT$	624 ,, NT$	- 0,"戰鎚40,000",帝國國防軍,,,,,,,,,,,,,,,
47-19,99120105079,A/MILITARUM CADIAN HEAVY WEAPON SQUAD,星界軍卡迪安重武器班,1," NT$	1,200 ", NT$	780 ,, NT$	- 0,"戰鎚40,000",帝國國防軍,,,,,,,,,,,,,,,
47-17,99120105080,ASTRA MILITARUM CADIAN INFANTRY SQUAD,星界軍卡迪安國防兵,1, NT$	960 , NT$	624 ,, NT$	- 0,"戰鎚40,000",帝國國防軍,,,,,,,,,,,,,,,
47-12,99120105083,ASTRA MILITARUM SENTINEL,星界軍哨兵機甲,1, NT$	960 , NT$	624 ,, NT$	- 0,"戰鎚40,000",帝國國防軍,,,,,,,,,,,,,,,
54-15,99120108017,KNIGHT PRECEPTOR CANIS REX,帝國騎士訓誡型霸王犬號,1," NT$	4,560 "," NT$	2,964 ",, NT$	- 0,"戰鎚40,000",帝國騎士,,,,,,,,,,,,,,,
48-01,60030101041,CODEX: SPACE MARINES (HB) (ENGLISH),星際戰士軍事書,1," NT$	1,200 ", NT$	780 ,, NT$	- 0,"戰鎚40,000",星際戰士,,,,,,,,,,,,,,,
SC36,99120101195,START COLLECTING! SPACE MARINES,星際戰士起手包,1," NT$	2,640 "," NT$	1,716 ",, NT$	- 0,"戰鎚40,000",星際戰士,,,,,,,,,,,,,,,
48-07,99120101216,SPACE MARINE TACTICAL SQUAD,星際戰士戰術小隊,1," NT$	1,320 ", NT$	858 ,, NT$	- 0,"戰鎚40,000",星際戰士,,,,,,,,,,,,,,,
48-15,99120101231,SPACE MARINE DEVASTATOR SQUAD,星際戰士毀滅者小隊,1," NT$	1,440 ", NT$	936 ,, NT$	- 0,"戰鎚40,000",星際戰士,,,,,,,,,,,,,,,
48-21,99120101245,SPACE MARINES RAZORBACK,星際戰士野豬坦克,1," NT$	1,320 ", NT$	858 ,, NT$	- 0,"戰鎚40,000",星際戰士,,,,,,,,,,,,,,,
48-23,99120101247,SPACE MARINES PREDATOR,星際戰士掠奪者坦克,1," NT$	1,800 "," NT$	1,170 ",, NT$	- 0,"戰鎚40,000",星際戰士,,,,,,,,,,,,,,,
48-29,99120101248,SPACE MARINES SCOUTS WITH SNIPER RIFLES,星際戰士哨兵配備狙擊槍,1, NT$	840 , NT$	546 ,, NT$	- 0,"戰鎚40,000",星際戰士,,,,,,,,,,,,,,,
SC43,99120101265,START COLLECTING! VANGUARD SPACE MARINES,先鋒星際戰士起手包,1," NT$	2,880 "," NT$	1,872 ",, NT$	- 0,"戰鎚40,000",星際戰士,,,,,,,,,,,,,,,
48-87,99120101209,ETB PRIMARIS REDEMPTOR DREADNOUGHT,原體星際戰士救贖型無畏機兵(易組版),1," NT$	1,200 ", NT$	780 ,, NT$	- 0,"戰鎚40,000",原體星際戰士,,,,,,,,,,,,,,,
SC42,99120106041,START COLLECTING! TYRANIDS,泰倫蟲族起手包,1," NT$	2,880 "," NT$	1,872 ",, NT$	- 0,"戰鎚40,000",泰倫蟲族,,,,,,,,,,,,,,,
51-08,99120106045,TYRANID HIVE TYRANT / THE SWARMLORD,異形暴君蟲王 / 蟲群領主,1," NT$	1,680 "," NT$	1,092 ",, NT$	- 0,"戰鎚40,000",泰倫蟲族,,,,,,,,,,,,,,,
51-62,99120117014,GENESTEALER CULTS ATALAN JACKALS,基因竊取者教派亞塔蘭豺狼車隊,1," NT$	1,560 "," NT$	1,014 ",, NT$	- 0,"戰鎚40,000",基因竊取者教派,,,,,,,,,,,,,,,
40-03-15,15010199017,WARHAMMER 40000: KNOW NO FEAR (CHINESE),戰鎚40K：無所畏懼(繁中版),1," NT$	2,400 "," NT$	1,560 ",, NT$	- 0,"戰鎚40,000",通用,,,,,,,,,,,,,,,
40-04-15,15010199018,WARHAMMER 40000: FIRST STRIKE (CHINESE),戰鎚40K：先發制人(繁中版),1," NT$	1,200 ", NT$	780 ,, NT$	- 0,"戰鎚40,000",通用,,,,,,,,,,,,,,,
40-06-15,15040199085,GETTING STARTED WITH WARHAMMER 40K (CHN),戰鎚40K：入門手冊 (簡中版),1, NT$	240 , NT$	156 ,, NT$	- 0,"戰鎚40,000",通用,,,,,,,,,,,,,,,
40-01-60,60010199015,WARHAMMER 40000: DARK IMPERIUM (ENGLISH),戰鎚40K：暗黑帝國,1," NT$	4,560 "," NT$	2,964 ",, NT$	- 0,"戰鎚40,000",通用,,,,,,,,,,,,,,,
40-03-60,60010199017,WARHAMMER 40000: KNOW NO FEAR (ENGLISH),戰鎚40K：無所畏懼(英文版),1," NT$	2,400 "," NT$	1,560 ",, NT$	- 0,"戰鎚40,000",通用,,,,,,,,,,,,,,,
40-04-60,60010199018,WARHAMMER 40000: FIRST STRIKE (ENGLISH),戰鎚40K：先發制人(英文版),1," NT$	1,200 ", NT$	780 ,, NT$	- 0,"戰鎚40,000",通用,,,,,,,,,,,,,,,
40-02-60,60040199081,WARHAMMER 40000 RULEBOOK (ENGLISH),戰鎚40K規則書,1," NT$	1,680 "," NT$	1,092 ",, NT$	- 0,"戰鎚40,000",通用,,,,,,,,,,,,,,,
40-06-60,60040199085,GETTING STARTED WITH WARHAMMER 40K (ENG),戰鎚40K：入門手冊 (英文版),1, NT$	240 , NT$	156 ,, NT$	- 0,"戰鎚40,000",通用,,,,,,,,,,,,,,,
60-11-15,99170101011,S/M INT. PAINT SET+ JPN/SIM+TRA CHINESE,星際戰士塗色套組,1, NT$	960 , NT$	624 ,, NT$	- 0,"戰鎚40,000",通用,,,,,,,,,,,,,,,
60-27-15,99170102005,D/GUARD PAINT SET+ JPN/SIMP+TRAD CHINESE,死亡守衛塗色組,1, NT$	960 , NT$	624 ,, NT$	- 0,"戰鎚40,000",通用,,,,,,,,,,,,,,,
SC40,99120113055,START COLLECTING! T'AU EMPIRE,鈦帝國起手包,1," NT$	2,880 "," NT$	1,872 ",, NT$	- 0,"戰鎚40,000",鈦帝國,,,,,,,,,,,,,,,
56-22,99120113060,TAU EMPIRE COMMANDER,鈦帝國指揮官,1," NT$	1,560 "," NT$	1,014 ",, NT$	- 0,"戰鎚40,000",鈦帝國,,,,,,,,,,,,,,,
56-09,99120113061,TAU EMPIRE PATHFINDER TEAM,鈦帝國探路者小隊,1," NT$	1,080 ", NT$	702 ,, NT$	- 0,"戰鎚40,000",鈦帝國,,,,,,,,,,,,,,,
56-14,99120113062,TAU EMPIRE XV25 STEALTH BATTLESUITS,鈦帝國XV25匿蹤戰鬥服,1, NT$	840 , NT$	546 ,, NT$	- 0,"戰鎚40,000",鈦帝國,,,,,,,,,,,,,,,
56-15,99120113063,TAU EMPIRE XV88 BROADSIDE BATTLESUIT,鈦帝國XV88舷砲戰鬥服,1," NT$	1,560 "," NT$	1,014 ",, NT$	- 0,"戰鎚40,000",鈦帝國,,,,,,,,,,,,,,,
SC28,99120103048,START COLLECTING! ORKS,歐克蠻人起手包,1," NT$	2,640 "," NT$	1,716 ",, NT$	- 0,"戰鎚40,000",歐克蠻人,,,,,,,,,,,,,,,
50-10,99120103052,ORK BOYZ,歐克蠻人小子,1, NT$	960 , NT$	624 ,, NT$	- 0,"戰鎚40,000",歐克蠻人,,,,,,,,,,,,,,,
50-16,99120103053,ORKS GRETCHIN,歐克蠻人嘍囉,1, NT$	580 , NT$	377 ,, NT$	- 0,"戰鎚40,000",歐克蠻人,,,,,,,,,,,,,,,
49-10,99120110035,NECRON IMMORTALS/DEATHMARKS,機械死靈不死者/死印者,1," NT$	1,080 ", NT$	702 ,, NT$	- 0,"戰鎚40,000",機械死靈,,,,,,,,,,,,,,,
SC27,99120110040,START COLLECTING! NECRONS,機械死靈起手包,1," NT$	2,640 "," NT$	1,716 ",, NT$	- 0,"戰鎚40,000",機械死靈,,,,,,,,,,,,,,,
SC34,99120116014,START COLLECTING! SKITARII,護教軍起手包,1," NT$	2,880 "," NT$	1,872 ",, NT$	- 0,"戰鎚40,000",機械神教,,,,,,,,,,,,,,,
59-10,99120116016,ADEPTUS MECHANICUS SKITARII,機械神教護教軍先鋒/護教軍游騎兵,1," NT$	1,200 ", NT$	780 ,, NT$	- 0,"戰鎚40,000",機械神教,,,,,,,,,,,,,,,
59-12,99120116017,ADEPTUS MECHANICUS IRONSTRIDER,機械神教弩砲機甲/塞東尼亞龍騎兵,1," NT$	1,560 "," NT$	1,014 ",, NT$	- 0,"戰鎚40,000",機械神教,,,,,,,,,,,,,,,
59-16,99120116019,ADEPTUS MECHANICUS KASTELAN ROBOTS,機械神教城塞鐵衛,1," NT$	2,160 "," NT$	1,404 ",, NT$	- 0,"戰鎚40,000",機械神教,,,,,,,,,,,,,,,
SC5,99120101194,START COLLECTING! BLOOD ANGELS,鐵血天使起手包,1," NT$	2,880 "," NT$	1,872 ",, NT$	- 0,"戰鎚40,000",鐵血天使,,,,,,,,,,,,,,,
SC17,99120117011,START COLLECTING! GENESTEALER CULTS,基因竊取者教派起手包,1," NT$	2,880 "," NT$	1,872 ",, NT$	- 0,"戰鎚40,001",基因竊取者教派,,,,,,,,,,,,,,,
110-54-15,15120705002,WHU: THUNDRIK'S PROFITEERS (CHINESE),戰鎚冥土世界：桑德瑞克奸商(簡中版),1, NT$	840 , NT$	546 ,, NT$	- 0,戰鎚冥土世界,卡拉德隆,,,,,,,,,,,,,,,
110-54-60,60120705002,WHU: THUNDRIK'S PROFITEERS (ENGLISH),戰鎚冥土世界：桑德瑞克奸商(英文版),1, NT$	840 , NT$	546 ,, NT$	- 0,戰鎚冥土世界,卡拉德隆,,,,,,,,,,,,,,,
110-55-15,15120704001,WHU: YLTHARI'S GUARDIANS (CHINESE),戰鎚冥土世界：伊莎莉的守衛(簡中版),1, NT$	840 , NT$	546 ,, NT$	- 0,戰鎚冥土世界,希爾凡涅,,,,,,,,,,,,,,,
110-55-60,60120704001,WHU: YLTHARI'S GUARDIANS (ENGLISH),戰鎚冥土世界：伊莎莉的守衛(英文版),1, NT$	840 , NT$	546 ,, NT$	- 0,戰鎚冥土世界,希爾凡涅,,,,,,,,,,,,,,,
110-63-15,15120707002,WH UNDERWORLDS: THE GRYMWATCH (CHINESE),戰鎚冥土世界：兇殘衛士(簡中版),1, NT$	960 , NT$	624 ,, NT$	- 0,戰鎚冥土世界,食屍鬼,,,,,,,,,,,,,,,
110-63,60120707002,WH UNDERWORLDS: THE GRYMWATCH (ENGLISH),戰鎚冥土世界：兇殘衛士(英文版),1, NT$	960 , NT$	624 ,, NT$	- 0,戰鎚冥土世界,食屍鬼,,,,,,,,,,,,,,,
110-02-15,15010799007,WARHAMMER UNDERWORLDS: BEASTGRAVE (CHN),戰鎚冥土世界：野獸之墓(簡中版),1," NT$	2,160 "," NT$	1,404 ",, NT$	- 0,戰鎚冥土世界,通用,,,,,,,,,,,,,,,
110-02-60,60010799007,WARHAMMER UNDERWORLDS: BEASTGRAVE  (ENG),戰鎚冥土世界：野獸之墓(英文版),1," NT$	2,160 "," NT$	1,404 ",, NT$	- 0,戰鎚冥土世界,通用,,,,,,,,,,,,,,,
110-64,15120709003,WH UNDERWORLDS: RIPPA'S SNARLFANGS (CHN),戰鎚冥土世界：撕裂者的嗥牙獸騎兵(簡中版),1, NT$	960 , NT$	624 ,, NT$	- 0,戰鎚冥土世界,撕裂者,,,,,,,,,,,,,,,
110-64,60120709003,WH UNDERWORLDS: RIPPA'S SNARLFANGS (ENG),戰鎚冥土世界：撕裂者的嗥牙獸騎兵(英文版),1, NT$	960 , NT$	624 ,, NT$	- 0,戰鎚冥土世界,撕裂者,,,,,,,,,,,,,,,
SC16,99120205029,START COLLECTING! FYRESLAYERS,火焰屠夫起手包,1," NT$	2,880 "," NT$	1,872 ",, NT$	- 0,戰鎚席格瑪紀元,火焰屠夫,,,,,,,,,,,,,,,
SC21,99120209037,START COLLECTING! IRONJAWZ,鐵顎半獸人起手包,1," NT$	2,880 "," NT$	1,872 ",, NT$	- 0,戰鎚席格瑪紀元,半獸人&哥布林,,,,,,,,,,,,,,,
89-33,99120209049,GLOOMSPITE GITZ ROCKGUT TROGGOTHS,幽暗惡徒石膽食人妖,1," NT$	1,680 "," NT$	1,092 ",, NT$	- 0,戰鎚席格瑪紀元,半獸人&哥布林,,, ,,,,,,,,,,,,
84-35,99120205020,KHARADRON OVERLORDS ARKANAUT COMPANY,卡拉德隆航空艦隊戰鬥船員,1," NT$	1,440 ", NT$	936 ,, NT$	- 0,戰鎚席格瑪紀元,卡拉德隆,,,,,,,,,,,,,,,
SC22,99120205030,START COLLECTING! KHARADRON OVERLORDS,卡拉德隆領主起手包,1," NT$	2,880 "," NT$	1,872 ",, NT$	- 0,戰鎚席格瑪紀元,卡拉德隆,,,,,,,,,,,,,,,
83-28,99120201041,NURGLE ROTBRINGERS PUTRID BLIGHTKINGS,瘟疫禁衛軍,1," NT$	1,610 "," NT$	1,047 ",, NT$	- 0,戰鎚席格瑪紀元,卡傲斯,,,,,,,,,,,,,,,
83-23,99120201055,DAEMON PRINCE,惡魔王子,1," NT$	1,200 ", NT$	780 ,, NT$	- 0,戰鎚席格瑪紀元,卡傲斯,,,,,,,,,,,,,,,
83-74,99120201064,TZEENTCH ARCANITES TZAANGOR ENLIGHTENED,辛烈志門徒超凡燦戈,1," NT$	1,200 ", NT$	780 ,, NT$	- 0,戰鎚席格瑪紀元,卡傲斯,,,,,,,,,,,,,,,
SC23,99120201066,START COLLECTING! KHORNE BLOODBOUND GOREBLADE WARBAND,血缚戰幫起手包,1," NT$	2,400 "," NT$	1,560 ",, NT$	- 0,戰鎚席格瑪紀元,卡傲斯,,,,,,,,,,,,,,,
SC24,99120201079,START COLLECTING! MAGGOTKIN OF NURGLE,納垢惡魔起手包,1," NT$	2,880 "," NT$	1,872 ",, NT$	- 0,戰鎚席格瑪紀元,卡傲斯,,,,,,,,,,,,,,,
SC35,99120201107,START COLLECTING! SLAVES TO DARKNESS,暗黑奴僕起手包,1," NT$	2,880 "," NT$	1,872 ",, NT$	- 0,戰鎚席格瑪紀元,卡傲斯,,,,,,,,,,,,,,,
SC4,99120216010,START COLLECTING! BEASTS OF CHAOS,卡傲斯野獸起手包,1," NT$	2,880 "," NT$	1,872 ",, NT$	- 0,戰鎚席格瑪紀元,卡傲斯野獸,,,,,,,,,,,,,,,
SC10,99129915040,START COLLECTING! DAEMONS OF SLAANESH,色虐惡魔起手包,1," NT$	2,640 "," NT$	1,716 ",, NT$	- 0,戰鎚席格瑪紀元,卡傲斯惡魔,,,,,,,,,,,,,,,
SC8,99129915041,START COLLECTING! DAEMONS OF KHORNE,恐虐惡魔起手包,1," NT$	2,640 "," NT$	1,716 ",, NT$	- 0,戰鎚席格瑪紀元,卡傲斯惡魔,,,,,,,,,,,,,,,
SC9,99129915042,START COLLECTING! DAEMONS OF NURGLE,納垢惡魔起手包,1," NT$	2,640 "," NT$	1,716 ",, NT$	- 0,戰鎚席格瑪紀元,卡傲斯惡魔,,,,,,,,,,,,,,,
SC11,99129915043,START COLLECTING! DAEMONS OF TZEENTCH,奸奇惡魔起手包,1," NT$	2,640 "," NT$	1,716 ",, NT$	- 0,戰鎚席格瑪紀元,卡傲斯惡魔,,,,,,,,,,,,,,,
97-08,99129915049,DAEMONS OF KHORNE BLOODLETTERS,哥達血魔,1, NT$	960 , NT$	624 ,, NT$	- 0,戰鎚席格瑪紀元,卡傲斯惡魔,,,,,,,,,,,,,,,
SC39,99120204019,START COLLECTING! SYLVANETH,希爾凡涅起手包,1," NT$	2,640 "," NT$	1,716 ",, NT$	- 0,戰鎚席格瑪紀元,希爾凡涅,,,,,,,,,,,,,,,
SC20,99120219012,START COLLECTING! IDONETH DEEPKIN,依多涅浮深海眷族起手包,1," NT$	2,640 "," NT$	1,716 ",, NT$	- 0,戰鎚席格瑪紀元,依多涅浮深海眷族,,,,,,,,,,,,,,,
SC25,99120207036,START COLLECTING! MALIGNANTS,噩夢大軍起手包,1," NT$	2,640 "," NT$	1,716 ",, NT$	- 0,戰鎚席格瑪紀元,夜魅,,,,,,,,,,,,,,,
SC32,99120207037,START COLLECTING! SKELETON HORDE,骷髏起手包,1," NT$	2,640 "," NT$	1,716 ",, NT$	- 0,戰鎚席格瑪紀元,夜魅,,,,,,,,,,,,,,,
SC15,99120207039,START COLLECTING! FLESH-EATER COURTS,血肉噬者起手包,1," NT$	2,640 "," NT$	1,716 ",, NT$	- 0,戰鎚席格瑪紀元,夜魅,,,,,,,,,,,,,,,
91-06,99120207040,DEATHRATTLE SKELETON WARRIORS,死亡之聲骷髏戰士,1, NT$	840 , NT$	546 ,, NT$	- 0,戰鎚席格瑪紀元,夜魅,,,,,,,,,,,,,,,
71-11,99120207055,ETB: NIGHTHAUNT MYRMOURN BANSHEES,夜魅尖叫報喪女妖 (易組版),1, NT$	480 , NT$	312 ,, NT$	- 0,戰鎚席格瑪紀元,夜魅,,,,,,,,,,,,,,,
91-25,99120207064,NIGHTHAUNT LADY OLYNDER,夜魅奧林德夫人,1," NT$	1,320 ", NT$	858 ,, NT$	- 0,戰鎚席格瑪紀元,夜魅,,,,,,,,,,,,,,,
60-09-15,99170207004,N/HAUNT PAINT SET+ JPN/SIMP+TRAD CHINESE,夜魅模型塗料組 (簡中版),1, NT$	960 , NT$	624 ,, NT$	- 0,戰鎚席格瑪紀元,夜魅,,,,,,,,,,,,,,,
SC3,99120213018,START COLLECTING! BEASTCLAW RAIDERS,爪獸騎手起手包,1," NT$	2,640 "," NT$	1,716 ",, NT$	- 0,戰鎚席格瑪紀元,食人魔帝國,,,,,,,,,,,,,,,
SC18,99120209056,START COLLECTING! GLOOMSPITE GITZ,哥布林起手包,1," NT$	2,880 "," NT$	1,872 ",, NT$	- 0,戰鎚席格瑪紀元,哥布林,,,,,,,,,,,,,,,
80-01-15,15010299013,AGE OF SIGMAR: SOUL WARS (CHINESE),席格瑪紀元：靈魂之戰 (簡中版),1," NT$	4,560 "," NT$	2,964 ",, NT$	- 0,戰鎚席格瑪紀元,通用,,,,,,,,,,,,,,,
80-15-15,15010299014,AGE OF SIGMAR: STORM STRIKE (CHINESE),席格瑪紀元：暴風打擊 (簡中版),1," NT$	1,200 ", NT$	780 ,, NT$	- 0,戰鎚席格瑪紀元,通用,,,,,,,,,,,,,,,
80-19-15,15010299015,AGE OF SIGMAR: TEMPEST OF SOULS (CHN),席格瑪紀元：靈魂風暴 (簡中版),1," NT$	2,400 "," NT$	1,560 ",, NT$	- 0,戰鎚席格瑪紀元,通用,,,,,,,,,,,,,,,
80-16-15,15040299074,GETTING STARTED WITH AGE OF SIGMAR (CHN),席格瑪紀元入門手冊 (簡中版),1, NT$	240 , NT$	162 ,, NT$	- 0,戰鎚席格瑪紀元,通用,,,,,,,,,,,,,,,
80-01-60,60010299013,AGE OF SIGMAR: SOUL WARS (ENGLISH),席格瑪紀元：靈魂之戰 (英文版),1," NT$	4,560 "," NT$	2,964 ",, NT$	- 0,戰鎚席格瑪紀元,通用,,,,,,,,,,,,,,,
80-15-60,60010299014,AGE OF SIGMAR: STORM STRIKE (ENG),席格瑪紀元：暴風打擊 (英文版),1," NT$	1,200 ", NT$	780 ,, NT$	- 0,戰鎚席格瑪紀元,通用,,,,,,,,,,,,,,,
80-19-60,60010299015,AGE OF SIGMAR: TEMPEST OF SOULS (ENG),席格瑪紀元：靈魂風暴 (英文版),1," NT$	2,400 "," NT$	1,560 ",, NT$	- 0,戰鎚席格瑪紀元,通用,,,,,,,,,,,,,,,
80-16-60,60040299074,GETTING STARTED WITH AGE OF SIGMAR (ENG),席格瑪紀元入門手冊 (英文版),1, NT$	240 , NT$	156 ,, NT$	- 0,戰鎚席格瑪紀元,通用,,,,,,,,,,,,,,,
80-17-15,99170299019,AOS PAINTS+TOOLS JPN/ENG/SIM+TRA CHINESE,席格瑪紀元塗料工具組簡中版,1," NT$	1,200 ", NT$	780 ,, NT$	- 0,戰鎚席格瑪紀元,通用,,,,,,,,,,,,,,,
SC12,99120212022,START COLLECTING! DAUGHTERS OF KHAINE,凱恩之女起手包,1," NT$	2,640 "," NT$	1,716 ",, NT$	- 0,戰鎚席格瑪紀元,凱恩之女,,,,,,,,,,,,,,,
SC1,99120212023,START COLLECTING! ANVILGARD,暗精海盜起手包,1," NT$	2,880 "," NT$	1,872 ",, NT$	- 0,戰鎚席格瑪紀元,暗黑精靈,,,,,,,,,,,,,,,
SC31,99120206025,START COLLECTING! SKAVEN PESTILENS,瘟疫魔鼠起手包,1," NT$	2,640 "," NT$	1,716 ",, NT$	- 0,戰鎚席格瑪紀元,煉獄魔鼠,,,,,,,,,,,,,,,
SC30,99120208023,START COLLECTING! SERAPHON,瑟拉馮起手包,1," NT$	2,640 "," NT$	1,716 ",, NT$	- 0,戰鎚席格瑪紀元,蜥蜴人,,,,,,,,,,,,,,,
SC33,99120208025,START COLLECTING! SKINKS,蜥蜴人史監斯起手包,1," NT$	2,880 "," NT$	1,872 ",, NT$	- 0,戰鎚席格瑪紀元,蜥蜴人,,,,,,,,,,,,,,,
SC37,99120218017,START COLLECTING! STORMCAST ETERNALS THUNDERSTRIKE BROTHERHOOD,暴風禁衛軍雷擊兄弟會,1," NT$	2,400 "," NT$	1,560 ",, NT$	- 0,戰鎚席格瑪紀元,暴風禁衛軍,,,,,,,,,,,,,,,
SC38,99120218025,START COLLECTING! STORMCAST VANGUARD,暴風先鋒庭起手包,1," NT$	2,880 "," NT$	1,872 ",, NT$	- 0,戰鎚席格瑪紀元,暴風禁衛軍,,,,,,,,,,,,,,,
71-09,99120218034,ETB: STORMCAST ETERNALS SEQUITORS,暴風禁衛軍追隨士 (易組版),1, NT$	480 , NT$	312 ,, NT$	- 0,戰鎚席格瑪紀元,暴風禁衛軍,,,,,,,,,,,,,,,
60-10-15,99170218006,S/CAST PAINT SET+ JPN/SIMP+TRAD CHINESE,暴風禁衛軍模型塗料組 (簡中版),1, NT$	960 , NT$	624 ,, NT$	- 0,戰鎚席格瑪紀元,暴風禁衛軍,,,,,,,,,,,,,,,
93-08,99120207030,NIGHTHAUNT SPIRIT HOSTS,幽靈,1, NT$	790 , NT$	514 ,, NT$	- 0,戰鎚席格瑪紀元,噩夢大軍,,,,,,,,,,,,,,,
SC19,99120205037,START COLLECTING! GREYWATER FASTNESS,舊世界矮人起手包,1," NT$	2,880 "," NT$	1,872 ",, NT$	- 0,戰鎚席格瑪紀元,舊世界矮人,,,,,,,,,,,,,,,
G25,,,,,,,,,,,,,,,,,,,,,,,,,
66-91,99120199039,SECTOR IMPERIALIS: 32MM ROUND BASES,帝國市街圓底板32mm,1," NT$	1,080 ", NT$	702 ,, NT$	- 0,"戰鎚40,000",通用,,,,,,,,,,,,,,,
66-92,99120199040,SECTOR IMPERIALIS: 25 & 40MM ROUND BASES,帝國市街圓底板25mm&40mm,1," NT$	1,080 ", NT$	702 ,, NT$	- 0,"戰鎚40,000",通用,,,,,,,,,,,,,,,
66-93,99120199041,S/IMPERIALIS: 60MM RD+75/90MM OVAL BASES,帝國市街圓底板60mm&75/90橢圓底板,1," NT$	1,080 ", NT$	702 ,, NT$	- 0,"戰鎚40,000",通用,,,,,,,,,,,,,,,
66-94,99120199042,SECTOR IMPERIALIS: LARGE BASE DETAIL KIT,帝國市街大底板場景組,1," NT$	1,080 ", NT$	702 ,, NT$	- 0,"戰鎚40,000",通用,,,,,,,,,,,,,,,
64-01,99120199046,WARHAMMER 40000: HERO BASES,戰鎚40K英雄底板組,1," NT$	1,080 ", NT$	702 ,, NT$	- 0,"戰鎚40,000",通用,,,,,,,,,,,,,,,
66-95,99120199055,SECTOR MECHANICUS: INDUSTRIAL BASES,帝國工廠：重工底板,1," NT$	1,080 ", NT$	702 ,, NT$	- 0,"戰鎚40,000",通用,,,,,,,,,,,,,,,
66-96,99120299033,AOS: SHATTERED DOMINION: 25 & 32MM ROUND,破碎疆域圓底板25mm&32mm,1," NT$	1,080 ", NT$	702 ,, NT$	- 0,戰鎚席格瑪紀元,通用,,,,,,,,,,,,,,,
66-97,99120299034,AOS: SHATTERED DOMINION: 65 & 40MM ROUND,破碎疆域圓底板65mm&40mm,1," NT$	1,080 ", NT$	702 ,, NT$	- 0,戰鎚席格瑪紀元,通用,,,,,,,,,,,,,,,
66-98,99120299035,AOS: SHATTERED DOMINION: 60 & 90MM OVAL,破碎疆域橢圓底板60mm&90mm,1," NT$	1,080 ", NT$	702 ,, NT$	- 0,戰鎚席格瑪紀元,通用,,,,,,,,,,,,,,,
66-99,99120299036,AOS SHATTERED DOMINION LARGE BASE DETAIL,破碎疆域大底板場景組,1," NT$	1,080 ", NT$	702 ,, NT$	- 0,戰鎚席格瑪紀元,通用,,,,,,,,,,,,,,,
64-02,99120299039,AGE OF SIGMAR HERO BASES,席格瑪紀元英雄底板組,1," NT$	1,080 ", NT$	702 ,, NT$	- 0,戰鎚席格瑪紀元,通用,,,,,,,,,,,,,,,
,99230699003,WARHAMMER QUEST: BLACKSTONE FORTRESS CARRY,戰錘任務:黑石要塞便攜箱,1," NT$	1,680 "," NT$	1,092 ",, NT$	- 0,通用,通用,,,,,,,,,,,,,,,
65-02,99239999035,GW TAPE MEASURE (PACK OF 3),捲尺  (三入),3, NT$	220 , NT$	143 ,, NT$	- 0,通用,通用,,,,,,,,,,,,,,,
60-37,99239999074,CITADEL SKIRMISH FIGURE CASE,游擊軍隊攜帶箱,1," NT$	1,560 "," NT$	1,014 ",, NT$	- 0,通用,通用,,,,,,,,,,,,,,,
60-38,99239999075,CITADEL BATTLE FIGURE CASE,戰鬥軍隊攜帶箱,1," NT$	2,640 "," NT$	1,716 ",, NT$	- 0,通用,通用,,,,,,,,,,,,,,,
60-39,99239999076,CITADEL CRUSADE FIGURE CASE,聖戰軍隊攜帶箱,1," NT$	3,840 "," NT$	2,496 ",, NT$	- 0,通用,通用,,,,,,,,,,,,,,,
,99239999103,CITADEL CRUSADE CASE XL,聖戰軍隊攜帶箱XL,1," NT$	4,560 "," NT$	2,964 ",, NT$	- 0,通用,通用,,,,,,,,,,,,,,,
